{"__symbolic":"module","version":1,"metadata":{"Service":{"__symbolic":"class","decorators":[{"__symbolic":"call","expression":{"__symbolic":"reference","module":"@angular/core","name":"Injectable"}}],"members":{"__ctor__":[{"__symbolic":"constructor","parameterDecorators":[null,[{"__symbolic":"call","expression":{"__symbolic":"reference","module":"@angular/core","name":"Inject"},"arguments":["API_URL"]}]],"parameters":[{"__symbolic":"reference","module":"@angular/http","name":"Http"},{"__symbolic":"reference","name":"string"}]}],"getServices":[{"__symbolic":"method"}],"getComList":[{"__symbolic":"method"}],"getDoctorList":[{"__symbolic":"method"}]}}}}