{"__symbolic":"module","version":1,"metadata":{"AppModule":{"__symbolic":"class","decorators":[{"__symbolic":"call","expression":{"__symbolic":"reference","module":"@angular/core","name":"NgModule"},"arguments":[{"declarations":[{"__symbolic":"reference","module":"./app.component","name":"MyApp"},{"__symbolic":"reference","module":"../pages/about/about","name":"AboutPage"},{"__symbolic":"reference","module":"../pages/home/home","name":"HomePage"},{"__symbolic":"reference","module":"../pages/tabs/tabs","name":"TabsPage"},{"__symbolic":"reference","module":"../pages/emr/emr","name":"EmrPage"},{"__symbolic":"reference","module":"../pages/emr-detail/emr-detail","name":"EmrDetailPage"},{"__symbolic":"reference","module":"../pages/setting/setting","name":"SettingPage"},{"__symbolic":"reference","module":"../pages/entry/entry","name":"EntryPage"}],"imports":[{"__symbolic":"call","expression":{"__symbolic":"select","expression":{"__symbolic":"reference","module":"ionic-angular","name":"IonicModule"},"member":"forRoot"},"arguments":[{"__symbolic":"reference","module":"./app.component","name":"MyApp"}]}],"bootstrap":[{"__symbolic":"reference","module":"ionic-angular","name":"IonicApp"}],"entryComponents":[{"__symbolic":"reference","module":"./app.component","name":"MyApp"},{"__symbolic":"reference","module":"../pages/about/about","name":"AboutPage"},{"__symbolic":"reference","module":"../pages/home/home","name":"HomePage"},{"__symbolic":"reference","module":"../pages/tabs/tabs","name":"TabsPage"},{"__symbolic":"reference","module":"../pages/emr/emr","name":"EmrPage"},{"__symbolic":"reference","module":"../pages/emr-detail/emr-detail","name":"EmrDetailPage"},{"__symbolic":"reference","module":"../pages/setting/setting","name":"SettingPage"},{"__symbolic":"reference","module":"../pages/entry/entry","name":"EntryPage"}],"providers":[{"__symbolic":"reference","module":"../providers/service","name":"Service"},{"__symbolic":"reference","module":"../providers/emr","name":"Emr"},{"provide":"API_URL","useValue":"http://192.168.1.151:3000"},{"provide":{"__symbolic":"reference","module":"@angular/core","name":"ErrorHandler"},"useClass":{"__symbolic":"reference","module":"ionic-angular","name":"IonicErrorHandler"}}]}]}]}}}