{"__symbolic":"module","version":1,"metadata":{"HomePage":{"__symbolic":"class","decorators":[{"__symbolic":"call","expression":{"__symbolic":"reference","module":"@angular/core","name":"Component"},"arguments":[{"selector":"page-home","templateUrl":"home.html"}]}],"members":{"__ctor__":[{"__symbolic":"constructor","parameters":[{"__symbolic":"reference","module":"ionic-angular","name":"NavController"},{"__symbolic":"reference","module":"ionic-angular","name":"ActionSheetController"},{"__symbolic":"reference","module":"ionic-angular","name":"Platform"},{"__symbolic":"reference","module":"../../providers/service","name":"Service"},{"__symbolic":"reference","module":"ionic-angular","name":"LoadingController"}]}],"getServices":[{"__symbolic":"method"}],"ionViewWillEnter":[{"__symbolic":"method"}],"showMenu":[{"__symbolic":"method"}],"search":[{"__symbolic":"method"}]}}}}