{"__symbolic":"module","version":1,"metadata":{"EntryPage":{"__symbolic":"class","decorators":[{"__symbolic":"call","expression":{"__symbolic":"reference","module":"@angular/core","name":"Component"},"arguments":[{"selector":"page-entry","templateUrl":"entry.html"}]}],"members":{"__ctor__":[{"__symbolic":"constructor","parameters":[{"__symbolic":"reference","module":"ionic-angular","name":"NavController"},{"__symbolic":"reference","module":"../../providers/service","name":"Service"}]}],"ionViewWillEnter":[{"__symbolic":"method"}],"save":[{"__symbolic":"method"}],"remove":[{"__symbolic":"method"}]}}}}